{
  "energy_ref_pj": 133.9399830863333,
  "energy_weight": 2.0,
  "final_loss": 2.290754121,
  "final_params": {
    "iin_amp": 1.685291351992407,
    "r_fb": 959.3977668722797,
    "rleak": 7999961.195900855
  },
  "holdout_trace_delays_ns": [
    6.5,
    9.0,
    10.5
  ],
  "initial_loss": 3.00875921,
  "initial_params": {
    "iin_amp": 1.8,
    "r_fb": 1000.0,
    "rleak": 8000000.0
  },
  "iterations": 6,
  "netlist_source": "/home/v71349/analog-gradients/netlists/neuro_tile4_coupled.scs",
  "out_dir": "/home/v71349/analog-gradients/competition/sweeps/temporal_gradient_learning/20260204_155533",
  "target_base_ns": [
    47.5,
    49.5,
    51.5,
    53.5
  ],
  "target_mode": "measured_anchor_shift",
  "target_shift_ns": [
    1.0,
    1.0,
    1.0,
    1.0
  ],
  "trace_delays_ns": [
    4.5,
    5.5,
    6.5,
    7.5,
    9.0,
    10.5
  ],
  "trace_expected_counts_map": {
    "10.500000000": [
      15,
      15,
      15,
      15
    ],
    "4.500000000": [
      15,
      15,
      15,
      15
    ],
    "5.500000000": [
      15,
      15,
      15,
      15
    ],
    "6.500000000": [
      15,
      15,
      15,
      15
    ],
    "7.500000000": [
      15,
      15,
      15,
      15
    ],
    "9.000000000": [
      15,
      15,
      15,
      15
    ]
  },
  "trace_target_map": {
    "10.500000000": [
      16.173497345999998,
      18.75439262,
      19.713736623,
      20.225316781
    ],
    "4.500000000": [
      10.175272356,
      12.754196621,
      13.715335559,
      14.227085507
    ],
    "5.500000000": [
      11.175183603,
      13.750905764,
      14.712065349,
      15.224597944
    ],
    "6.500000000": [
      12.166304922,
      14.754174793,
      15.716145571,
      16.228252768
    ],
    "7.500000000": [
      13.173497346,
      15.754283102,
      16.713769873,
      17.22531675
    ],
    "9.000000000": [
      14.666117674,
      17.250232623,
      18.20973595,
      18.721482158
    ]
  },
  "train_trace_delays_ns": [
    4.5,
    5.5,
    7.5
  ]
}
