{
  "energy_ref_pj": 133.96821088995,
  "energy_weight": 2.0,
  "final_loss": 2.781567341,
  "final_params": {
    "iin_amp": 1.7638114642289986,
    "r_fb": 984.7911117914266,
    "rleak": 8000035.961102837
  },
  "holdout_trace_delays_ns": [
    6.5,
    9.5
  ],
  "initial_loss": 3.004515936,
  "initial_params": {
    "iin_amp": 1.8,
    "r_fb": 1000.0,
    "rleak": 8000000.0
  },
  "iterations": 2,
  "netlist_source": "/home/v71349/analog-gradients/netlists/neuro_tile4_coupled.scs",
  "out_dir": "/home/v71349/analog-gradients/competition/sweeps/temporal_gradient_learning/20260204_152633",
  "target_base_ns": [
    47.5,
    49.5,
    51.5,
    53.5
  ],
  "target_mode": "measured_anchor_shift",
  "target_shift_ns": [
    1.0,
    1.0,
    1.0,
    1.0
  ],
  "trace_delays_ns": [
    5.0,
    6.5,
    8.0,
    9.5
  ],
  "trace_expected_counts_map": {
    "5.000000000": [
      15,
      15,
      15,
      15
    ],
    "6.500000000": [
      15,
      15,
      15,
      15
    ],
    "8.000000000": [
      15,
      15,
      15,
      15
    ],
    "9.500000000": [
      15,
      15,
      15,
      15
    ]
  },
  "trace_target_map": {
    "5.000000000": [
      10.676048867,
      13.25720935,
      14.215085018,
      14.726522514
    ],
    "6.500000000": [
      12.166304922,
      14.754174793,
      15.716145571,
      16.228252768
    ],
    "8.000000000": [
      13.673473367,
      16.255290674,
      17.214586022,
      17.726692595
    ],
    "9.500000000": [
      15.173501905,
      17.755263072,
      18.711854722,
      19.223545504
    ]
  },
  "train_trace_delays_ns": [
    5.0,
    8.0
  ]
}
