{
  "anchor_probe_delays_ns": [
    5.0,
    8.0
  ],
  "anchor_probe_split": "train",
  "energy_ref_pj": 1000000000.0,
  "energy_weight_end": 0.03,
  "energy_weight_start": 0.03,
  "final_loss": 448.03,
  "final_params": {
    "iin_amp": 1.8,
    "r_fb": 1000.0,
    "rleak": 8000000.0
  },
  "holdout_trace_delays_ns": [
    6.5,
    9.5
  ],
  "initial_loss": 448.03,
  "initial_params": {
    "iin_amp": 1.8,
    "r_fb": 1000.0,
    "rleak": 8000000.0
  },
  "iterations": 1,
  "netlist_source": "netlists/neuro_tile4_coupled.scs",
  "out_dir": "competition/sweeps/temporal_gradient_learning/20260204_185017_count_stress2",
  "target_base_ns": [
    9.388,
    11.896,
    12.985,
    13.64
  ],
  "target_mode": "absolute",
  "target_shift_ns": [
    1.0,
    1.0,
    1.0,
    1.0
  ],
  "trace_delays_ns": [
    5.0,
    6.5,
    8.0,
    9.5
  ],
  "trace_expected_counts_map": {
    "5.000000000": [
      1,
      1,
      1,
      1
    ],
    "6.500000000": [
      1,
      1,
      1,
      1
    ],
    "8.000000000": [
      1,
      1,
      1,
      1
    ],
    "9.500000000": [
      1,
      1,
      1,
      1
    ]
  },
  "trace_target_map": {
    "5.000000000": [
      9.388,
      11.896,
      12.985,
      13.64
    ],
    "6.500000000": [
      10.888,
      13.396,
      14.485,
      15.14
    ],
    "8.000000000": [
      12.388,
      14.896,
      15.985,
      16.64
    ],
    "9.500000000": [
      13.888,
      16.396,
      17.485,
      18.14
    ]
  },
  "train_trace_delays_ns": [
    5.0,
    8.0
  ]
}
