{
  "energy_ref_pj": 134.27070679485,
  "energy_weight": 2.0,
  "final_loss": 2.543305686,
  "final_params": {
    "iin_amp": 1.7257159571217993,
    "r_fb": 970.6309153126275,
    "rleak": 8000006.951958538
  },
  "initial_loss": 3.0,
  "initial_params": {
    "iin_amp": 1.8,
    "r_fb": 1000.0,
    "rleak": 8000000.0
  },
  "iterations": 4,
  "netlist_source": "/home/v71349/analog-gradients/netlists/neuro_tile4_coupled.scs",
  "out_dir": "/home/v71349/analog-gradients/competition/sweeps/temporal_gradient_learning/20260204_151222",
  "target_base_ns": [
    47.5,
    49.5,
    51.5,
    53.5
  ],
  "target_mode": "measured_anchor_shift",
  "target_shift_ns": [
    1.0,
    1.0,
    1.0,
    1.0
  ],
  "trace_delays_ns": [
    5.0,
    8.0
  ],
  "trace_expected_counts_map": {
    "5.000000000": [
      15,
      15,
      15,
      15
    ],
    "8.000000000": [
      15,
      15,
      15,
      15
    ]
  },
  "trace_target_map": {
    "5.000000000": [
      10.676048867,
      13.25720935,
      14.215085018,
      14.726522514
    ],
    "8.000000000": [
      13.673473367,
      16.255290674,
      17.214586022,
      17.726692595
    ]
  }
}
